chr,start,end,type,num_copies
2,59747827,59757327,DEL,2
19,20351045,20489306,DEL,2
5,12397527,12921795,DEL,2
8,30604001,30627700,DEL,1
8,8583036,8589041,DEL,2
6,49238922,49240668,DEL,2
14,55986227,55989954,DEL,2
18,14746692,14758960,DUP,2
21,19326732,19329215,DEL,0
14,88391502,88423173,DEL,2
12,68898951,68903177,DEL,2
9,4044820,4051039,DEL,2
2,69514110,69840169,DUP,2
4,11872559,11880485,DUP,2
14,75168009,75173605,DEL,2
5,98609535,98614108,DUP,2
8,140860664,140862741,DUP,2
9,28588203,28762058,DEL,2
3,81464177,81470095,DEL,2
1,28258245,28261095,DEL,2
2,32628901,33332482,DUP,3
7,154391971,154399735,DEL,0
15,20539301,20628300,DUP,6
12,103073001,103100514,DUP,2
4,71238370,71242345,DEL,2
15,24056546,24180902,DEL,2
9,123109046,123113007,DEL,2
1,93209791,93214455,DEL,2
2,56652305,56655883,DEL,0
2,41776001,41777800,DEL,1
15,52028325,52032067,DEL,2
1,14307554,14312188,DEL,2
3,166521147,166534251,DUP,2
2,69639252,69662955,DEL,2
10,92391612,92396783,DEL,2
2,47350561,47355891,DEL,2
20,42271901,42300800,DEL,1
22,20953194,21091578,DUP,2
18,43305227,43333034,DUP,2
6,154586548,154588526,DEL,2
10,26998901,27008300,DEL,1
3,125672311,125676376,DEL,2
1,60046724,60050637,DEL,2
8,36070128,36077356,DEL,2
11,89240467,89252580,DEL,2
16,84980088,85042375,DEL,2
3,37751529,37753590,DUP,2
12,98669927,98672091,DEL,2
7,56761980,56769948,DEL,0
19,28151030,28267038,DEL,2
2,240687455,240693078,DUP,2
8,43825615,43838800,DUP,69
6,165160997,165173260,DEL,2
3,66774212,66775139,DEL,2
3,4644508,4652139,DEL,2
18,1634811,1686168,DEL,2
9,80231817,80233581,DEL,1
2,196418795,196428322,DEL,2
13,67211732,67400898,DEL,2
13,47825464,47855362,DUP,2
15,86762739,86770396,DEL,2
16,47019523,47048260,DEL,2
2,7896660,8510177,DUP,2
10,75009908,75016591,DUP,2
16,83905704,83929299,DEL,2
5,127407439,127410917,DEL,1
5,26431564,26445212,DUP,2
9,28459738,28476634,DUP,2
12,66527654,66529877,DEL,2
7,157731352,157804960,DUP,2
12,22592735,22599870,DEL,2
20,6832896,6835213,DUP,2
13,65525649,65530384,DEL,2
2,137718972,137723968,DEL,2
22,24274142,24311298,DEL,1
17,44165301,44314900,DUP,2
11,12631516,12667796,DUP,2
18,42145668,42152644,DEL,2
4,61929701,61949600,DEL,2
13,63433692,63439548,DEL,2
1,19321293,19327637,DEL,2
4,70467476,70472803,DEL,1
4,11666561,11670694,DEL,2
15,39372420,39373473,DEL,0
8,47151629,47157457,DUP,2
2,117175162,117177913,DEL,2
9,83268101,83276300,DEL,1
6,33114155,33140039,DUP,2
14,21980644,21984718,DEL,2
7,33046820,33048164,DEL,2
2,14574567,14584305,DUP,2
4,88668970,88673579,DEL,2
9,113024577,113029970,DEL,2
1,191827231,191900248,DEL,2
3,1080857,1141000,DEL,2
3,68739688,68747864,DEL,0
7,56762001,56805800,DEL,1
8,48424869,48427484,DEL,2
13,68877554,68888612,DEL,2
14,19000001,19061400,DUP,12
1,168233823,168241692,DUP,2
4,41458543,41467030,DEL,2
2,159790102,159799543,DUP,2
1,7570073,7571518,DEL,2
5,12811017,12820524,DEL,1
1,116628852,116635078,DEL,2
3,143167801,143169100,DEL,1
5,174886945,174892869,DEL,2
13,109060525,109066081,DUP,2
2,165521229,165530474,DUP,2
3,48957801,48963800,DEL,1
21,21878555,21884615,DEL,2
4,22601315,22606971,DEL,2
9,89447278,89454696,DEL,2
3,195390701,195450500,DUP,4
1,101201160,101234994,DUP,2
5,119924420,119927827,DEL,2
19,53316674,53319979,DEL,2
1,192079651,192084415,DEL,2
4,49633301,49660100,DUP,130
7,23088458,23092261,DEL,2
2,216905417,216909803,DEL,2
12,125100099,125103465,DEL,2
13,74714779,74721440,DEL,2
19,14907252,14913925,DEL,2
17,74783325,74788309,DEL,2
1,111902775,111910907,DEL,2
13,108947016,108951793,DEL,2
9,115705917,115710410,DUP,2
3,107037954,107040332,DEL,2
13,58141368,58195991,DUP,2
3,29429190,29449560,DEL,2
19,12556735,12558259,DEL,1
22,33780448,33783339,DEL,2
2,2490002,2494956,DEL,2
10,25335518,25393275,DUP,2
20,41178433,41249712,DEL,2
14,61830400,61851935,DEL,2
9,105306752,105329156,DEL,2
18,58597378,58600452,DEL,2
6,76155436,76161374,DEL,2
5,121924268,121927432,DEL,2
2,234804253,234807152,DEL,2
13,78094824,78117973,DEL,2
4,24816374,24822440,DEL,2
3,143451030,143456858,DEL,2
8,128723486,128730099,DUP,2
2,186174410,186208223,DEL,2
1,194126027,194247594,DEL,2
16,77090637,77092860,DEL,2
19,14732329,14734127,DEL,2
7,8020674,8118176,DUP,2
11,48327496,48328175,DEL,1
12,25743079,25744072,DUP,3
2,160755266,160808942,DUP,2
12,38921317,38923504,DEL,2
21,46243232,46248368,DUP,2
14,95148506,95155042,DUP,2
19,56809837,56814663,DUP,2
6,162001350,162005276,DEL,2
3,98410701,98419100,DEL,1
11,24443154,24452288,DEL,2
2,36045976,36062473,DEL,2
4,133180701,133189100,DEL,2
2,56828111,56829856,DEL,2
12,130463105,130753647,DUP,2
6,103737465,103762890,DEL,2
1,208444001,208457338,DUP,2
7,146257388,146276072,DEL,2
4,90101871,90107393,DUP,2
3,153518826,153522872,DEL,2
2,157881426,157884917,DEL,2
2,84169536,84255618,DEL,2
7,100677201,100683400,DUP,2
3,60872054,60901399,DEL,2
4,32803057,32805523,DUP,2
1,248493288,248496330,DEL,2
3,172232893,172243199,DUP,2
7,89229635,89253966,DUP,2
3,131118173,131199221,DUP,2
18,38116302,38120361,DEL,2
11,92667054,92669327,DEL,2
6,72155978,72161036,DEL,2
3,104978261,104989367,DEL,2
7,136152438,136159776,DEL,2
4,176671615,176679967,DEL,2
5,8702660,8748804,DEL,2
20,48416109,48420197,DEL,2
3,1877949,1921446,DEL,2
13,75461803,75467025,DEL,2
8,96875225,96879591,DEL,0
16,84400349,84444040,DUP,2
13,112931801,112933300,DUP,2
10,45208627,45359880,DUP,2
3,90307301,90504800,DUP,5
12,33385104,33398300,DEL,2
3,22131865,22135889,DEL,2
20,21243125,21249100,DEL,2
8,8286305,8290831,DEL,2
7,107164197,107174264,DEL,2
